locale_id;sk;sk-upravena hlaska;en;en-upravena hlaska
PO_Attributes.EA_Profil_PO_cislo;Orientačné číslo;;House number;
PO_Attributes.EA_Profil_PO_ico;IČO;;Company ID;
PO_Attributes.EA_Profil_PO_je_kapitola;Je kapitola;;Is chapter;
PO_Attributes.EA_Profil_PO_kategoria_osoby;Kategória osoby;;Person category;
PO_Attributes.EA_Profil_PO_obec;Mesto / Obec;Mesto/Obec;City / Municipality;
PO_Attributes.EA_Profil_PO_okres;Okres;;District;
PO_Attributes.EA_Profil_PO_psc;PSČ;;Postal code;
PO_Attributes.EA_Profil_PO_typ_osoby;Typ povinnej osoby;Typ orgánu riadenia;Person type;
PO_Attributes.EA_Profil_PO_ulica;Ulica;;Street;
PO_Attributes.EA_Profil_PO_webove_sidlo;Webové sídlo;;Web address;
PO_Attributes.Gen_Profil_EA_odkaz_na_referenciu;Odkaz na referenciu;;Reference link;
PO_Attributes.Gen_Profil_EA_pocet_replikacii;Počet replikácií;;Number of replications;
PO_Attributes.Gen_Profil_EA_popis_referencie;Popis referencie;;Reference description;
PO_Attributes.Gen_Profil_EA_skrateny_nazov;Skratený názov;;Abbreviated name;
PO_Attributes.Gen_Profil_EA_typ_replikacie;Typ replikácie;;Replication type;
PO_Attributes.Gen_Profil_anglicky_nazov;Anglický názov;;English name;
PO_Attributes.Gen_Profil_anglicky_popis;Anglický popis;;English description;
PO_Attributes.Gen_Profil_kod_metais;Kód MetaIS;;MetaIS code;
PO_Attributes.Gen_Profil_nazov;Názov;;Name;
PO_Attributes.Gen_Profil_popis;Popis;;Description;
PO_Attributes.Gen_Profil_poznamka;Poznámka;;Note;
PO_Attributes.Gen_Profil_ref_id;URI;;URI;
PO_Attributes.Gen_Profil_zdroj;Zdroj údaja;;Source of data;
PO_Attributes.Profil_PO_statutar_meno;Meno;;First name;
PO_Attributes.Profil_PO_statutar_priezvisko;Priezvisko;;Last name;
PO_Attributes.Profil_PO_statutar_titul_pred_menom;Titul pred menom;;Title before name;
PO_Attributes.Profil_PO_statutar_titul_za_menom;Titul za menom;;Title after name;
accordion.closeAll;Zatvoriť všetko;;Close all;
accordion.openAll;Otvoriť všetko;;Open all;
actionOverTable.actions;Hromadné úkony;;Bulk actions;
actionOverTable.addISVSitem;Pridať ISVS položku;Pridať ITVS položku;Add ISVS item;Add ITVS item
actionOverTable.changeOwner;Zmena vlastníka;;Change owner;
actionOverTable.export;Export;;Export;
actionOverTable.import;Import;;Import;
actionOverTable.invalidateItems;Zneplatnenie položiek;;Invalidate items;
actionOverTable.metaColumnName.createdAt;Vytvorené;;;
actionOverTable.metaColumnName.group;Správca;;;
actionOverTable.metaColumnName.lastModifiedAt;Posledná zmena;;;
actionOverTable.metaColumnName.state;Stav evidencie;;;
actionOverTable.selectColumn;Stĺpce;;Columns;
actionOverTable.validateItems;Splatnenie položiek;;Validate items;
actionOverTable.view;Zobraziť;;View;
actionsInTable.actions;Akcie;;Actions;
actionsInTable.assignment;Priradenie;;Assignment;
actionsInTable.cancel;Zrušiť;;Cancel;
actionsInTable.edit;Upraviť;;Edit;
actionsInTable.moreActions;Viac;;More;
actionsInTable.reset;Resetovať;;Reset;
actionsInTable.save;Uložiť;;Save;
adminRolesPage.addNewRole;Pridať novú rolu;;Add new role;
adminRolesPage.all;Všetky;;All;
adminRolesPage.areYouSure;Potvrdenie akcie;;Action confirmation;
adminRolesPage.assignedUsers;Priradení používatelia ;;Assigned users;
adminRolesPage.cancel;Zrušiť;;Cancel;
adminRolesPage.deactivate;Zneplatniť;;Deactivate;
adminRolesPage.deleteRoleText;Naozaj si želáte zneplatniť nasledujúcu rolu?;;Do you want to invalidate the role?;
adminRolesPage.description;Popis;;Description;
adminRolesPage.edit;Upraviť;;Edit;
adminRolesPage.email;Email;E-mailová adresa;Email;
adminRolesPage.entities;záznamy;Záznamy;entities;
adminRolesPage.fullName;Meno;;Name;
adminRolesPage.group;Skupina;;Group;
adminRolesPage.login;Login;;Login;
adminRolesPage.name;Názov;;Name;
adminRolesPage.newRole;Pridanie roly;;New role;
adminRolesPage.no;Nie;;No;
adminRolesPage.none;Žiadna;;None;
adminRolesPage.obligedPerson;Povinná osoba;;Obliged person;
adminRolesPage.requiredDesc;Povinný popis;;Required description;
adminRolesPage.requiredName;Povinné meno;;Required name;
adminRolesPage.rolesList;Zoznam rolí;;Roles list;
adminRolesPage.show;Zobraziť;;Show;
adminRolesPage.submit;Odoslať formulár;;Submit form;
adminRolesPage.systemRole;Systémová rola;;System role;
adminRolesPage.yes;Áno;;Yes;
autoLogout.loading;Spracúvame odhlásenie;;Proccessing logout;
autoLogout.warningMessage;O {{countDown}} sekúnd budete kvôli inaktivite odhlásený.;Z dôvodu nečinnosti budete o {{countDown}} sekúnd automaticky odhlásený z MetaIS.;In {{countDown}} you will be logged out due to inactitvity.;
breadcrumbs.404;Chyba;;Error;
breadcrumbs.ciCreate;Vytvorenie novej entity;;Create configuration item;
breadcrumbs.ciEdit;Editácia {{itemName}};;Edit of {{itemName}};
breadcrumbs.ciEditEntity;Editácia položky;;Edit of component;
breadcrumbs.home;Domov;;Home;
breadcrumbs.newCiAndRelation;Pridanie novej položky a vzťahu pre {{itemName}};;Add new item and relation for {{itemName}};
breadcrumbs.newRelation;Pridanie nového vzťahu k {{itemName}};;Add new relation of {{itemName}};
breadcrumbs.noName;Bez mena;;No name;
breadcrumbs.reports-management;Správa zostáv;;Reports management;
breadcrumbs.reportsCreate;Nový report;;New report;
breadcrumbs.reportsEdit;Upraviť report;;Edit report;
codelists.actions;Úkony;;Actions;
codelists.addNewCodelistDetail;Pridať novú položku;;Add new detail item;
codelists.cancel;Zrušiť;;Cancel;
codelists.category;Kategória;;Category;
codelists.code;Kód;;Code;
codelists.codeError;Kód je povinný;Kód je povinný údaj.;Code is required;
codelists.codeExist;Kód je nesprávny. Takýto kód už existuje.;Takýto kód už existuje. Kód musí byť jedinečný.;The code is incorrect. This code already exists.;
codelists.createNew;Pridať položku;;Add item;
codelists.createNewCodelist;Vytvoriť nový číselník;;Create new codelist;
codelists.delete;Zneplatniť;;Invalidate;
codelists.description;Popis;;Description;
codelists.descriptionError;Popis je povinný;Popis je povinný údaj.;Description is required;
codelists.descriptionMaxError;Maximálna dĺžka popisu je 255 znakov;Maximálna dĺžka popisu je 255 znakov.;Description maximum length is 255 symbols;
codelists.edit;Upraviť;;Edit;
codelists.engDescription;Anglický popis;;English description;
codelists.engDescriptionError;Anglický Popis je povinný;Anglický popis je povinný údaj.;English Description is required;
codelists.engValue;Anglická hodnota;;English Value;
codelists.engValueError;Anglická hodnota je povinná;Anglická hodnota je povinná.;English Value is required;
codelists.heading;Interné číselníky;;Internal codelists;
codelists.items;Položky;;Items;
codelists.link;Položky;;Items;
codelists.moreActions;Viac;;;
codelists.name;Názov;;Name;
codelists.nameError;Názov je povinný;Názov je povinný.;Name is required;
codelists.nameMaxError;Maximálna dĺžka názvu je 255 znakov;Maximálna dĺžka názvu je 255 znakov.;Name maximum length is 255 symbols;
codelists.order;Poradie;;;
codelists.remove;Odstrániť;;Remove;
codelists.save;Uložiť;;Save;
codelists.tooltipOrder;Potiahni a pusti riadok pre zmenu poradia;;Drag and drop a row to change the order;
codelists.valid;Validita;;Validity;
codelists.validate;Splatniť;;Validate;
codelists.value;Hodnota;;Value;
codelists.valueDescription;Popis hodnoty;;Value Description;
codelists.valueError;Hodnota je povinná;Hodnota je povinná.;Value is required;
codelists.wrongRegex;Formát môže obsahovať len písmená {{letters}} a tieto znaky {{signs}};;You can use only {{letters}} and {{signs}};
confirmationModal.cancelButtonLabel;Zrušiť;;Cancel;
confirmationModal.okButtonLabel;OK;;OK;
crash.copyError;Skopírovať error;Skopírovať chybu;Copy error message;
crash.description;Zaznamenali sme interný problém s aplikáciou.;Zaznamenali sme interný problém s aplikáciou.;We noticed an internal problem with the application;
crash.heading;Ups, niečo sa pokazilo;Ups, niečo sa pokazilo.;Ups, unexpected error occured;
crash.reload;Obnoviť stránku;;Reload page;
documentsManagement.addDocument;Pridať dokument;;Add document;
documentsManagement.addNewDocument;Pridať nový dokument;;Add new document;
documentsManagement.addNewGroup;Nová skupina dokumentov;;Add a new group of documents;
documentsManagement.baseInfo;Základné informácie;;Base info;
documentsManagement.confluence;Confluence;;Confluence;
documentsManagement.delete;Odstrániť položku;;Delete item;
documentsManagement.description;Popis;;Description;
documentsManagement.descriptionEng;Popis Eng;Anglický popis;Description Eng;
documentsManagement.docId;Identifikátor dokumentu;;Document identifier;
documentsManagement.docTemplate;Šablóna dokumentu;;Document template;
documentsManagement.documentGroup;Skupina dokumentov;;Document group;
documentsManagement.documents;Dokumenty;;Documents;
documentsManagement.edit;Upraviť položku;;Edit item;
documentsManagement.editPosition;Upraviť pozíciu;;Edit position;
documentsManagement.groupCreate;Nová skupina dokumentov;;Create documents group;
documentsManagement.groupEdit;Úprava skupiny dokumentov;;Edit documents group;
documentsManagement.heading;Správa dokumentov Projektov;;Project document management;
documentsManagement.input;Zadajte;;Input;
documentsManagement.moreOptions;Viac možností;;More options;
documentsManagement.name;Názov;;Name;
documentsManagement.nameEng;Názov Eng;Anglický názov;Name Eng;
documentsManagement.phase;Fáza;;Phase;
documentsManagement.projectPhase;Fáza projektu;;Project phase;
documentsManagement.projectStatus;Stav projektu;;Project status;
documentsManagement.removingDocument;Odstrániť dokument;;Remove document;
documentsManagement.removingDocumentsGroup;Odstrániť skupinu dokumentov;;Remove documents group;
documentsManagement.required;Povinný;;Required;
documentsManagement.resetPosition;Zrušiť editáciu;;Reset position;
documentsManagement.savePosition;Uložiť pozíciu;;Save position;
documentsManagement.selectedDocumentsGroup;Vybraná skupina dokumentov;;Selected group of documents;
documentsManagement.status;Stav;;Status;
documentsManagement.type;Typ;;Type;
documentsManagement.useTemplate;Vložiť predvypľnený obsah šablóny;Vložiť predvyplnený obsah šablóny.;Insert pre-filled template content;
egov.addNew.entity;Pridať novú entitu;;Add new entity;
egov.addNew.profile;Pridať nový profil;;Add new profile;
egov.addNew.relation;Pridať nový vzťah;;Add new relation;
egov.assigned;Priradené povinné osoby;;Assigned liable persons;
egov.ciTypeSelect;Vyberte typ entity;;Select entity type;
egov.clarification;Spresnenie;;Clarification;
egov.codePrefix;Prefix metais kódu;Prefix MetaIS kódu;Prefix metais code;
egov.color;Farebné označenie;;Color;
egov.constraints;Typ obmedzenia;;Constraint;
egov.create.addAttribute;Pridať atribút;;;
egov.create.addConnection;Pridať prepojenie;;;
egov.create.addProfile;Pridať profil;;Add profile;
egov.create.back;Späť na zoznam profilov atribútov;;Back to the list of attribute profiles;
egov.create.boolean;Boolean;;Boolean;
egov.create.ciType;Entita;;Entity;
egov.create.codePrefixRegex;Povolenými znakmi pre prefix sú 'a'..'z', a oddelovač '_'.;"Povolenými znakmi pre prefix sú ""a"", ""z"", a oddelovač ""_"".";Accepted character are only 'a'..'z' and underscore '_'.;
egov.create.date;Date;Dátum;Date;
egov.create.double;Double;;Double;
egov.create.enum;Interný číselník;;Internal codelist;
egov.create.integer;Integer;;Integer;
egov.create.interval;Intervalové rozloženie;;Interval;
egov.create.long;Long;;Long;
egov.create.minCharacters;Toto pole musí obsahovať minimálne {{min}} znaky;Toto pole musí obsahovať minimálne {{min}} znaky.;This field requires at least {{min}} characters;
egov.create.mustBeNumber;Hodnota musí byť číslo;Hodnota musí byť číslo.;Must be a number;
egov.create.regex;Regulárny výraz;;Regex;
egov.create.removeProfile;Odstrániť profil;;Remove profile;
egov.create.requiredField;Toto pole je povinné;Toto pole je povinné.;This field is required;
egov.create.string;String;;String;
egov.create.technicalNameRegex;Technické meno môže byť len z písmen abecedy alebo podčiarkovníka;Technické meno môže byť len z písmen abecedy alebo podčiarkovníka.;Technical name could only consists of alphabet character or underscore;
egov.defaultValue;Prednastavená hodnota;;Default value;
egov.description;Popis;;Description;
egov.detail.connections;Prepojenia;;Connections;
egov.detail.direction.heading;Typ prepojenia;;Type of connection;
egov.detail.direction.source;Zdroj;;Source;
egov.detail.direction.target;Cieľ;;Target;
egov.detail.entityHeading;Detail entity;;Entity detail;
egov.detail.genericProfile;Generický profil;;Generic profile;
egov.detail.profileAttributes;Atribúty;;Attributes;
egov.detail.profileAttributesHeading;Detail profilu atribútov;;Detail attributes profile;
egov.detail.profiles;Profily;;Profiles;
egov.detail.selectOption;Vyberte možnosť;;Select option;
egov.detail.showOwner.;Zakazané;;Forbidden;
egov.detail.showOwner.false;Zakazané;;Forbidden;
egov.detail.showOwner.heading;Zobrazovanie vlastníka;;Show owner;
egov.detail.showOwner.true;Povolené;;Allowed;
egov.detail.showOwner.undefined;Zakazané;;Forbidden;
egov.detail.showOwnerChange.;Zakázať;;Forbid;
egov.detail.showOwnerChange.false;Zakázať;;Forbid;
egov.detail.showOwnerChange.true;Povoliť;;Allow;
egov.detail.showOwnerChange.undefined;Zakázať;;Forbid;
egov.detail.source;Zdroje;;Sources;
egov.detail.summarizingCard;Summarizačná karta;;Summarizing card;
egov.detail.target;Ciele;;Target;
egov.detail.validityChange.setInvalid;Zneplatniť;;Set invalid;
egov.detail.validityChange.setValid;Splatniť;;Set valid;
egov.detail.visibilityChange.setInvisible;Zneviditeľniť;;Set invisible;
egov.detail.visibilityChange.setVisible;Zviditeľniť;;Set visible;
egov.edit;Upraviť;;Edit;
egov.engDescription;Anglický popis;;English description;
egov.engName;Anglický názov;;English name;
egov.entity.createHeader;Vytvorenie nového typu entity;;Create new entity type;
egov.entity.detailHeading;Detail entity;;Detail of entity;
egov.entity.editHeader;Editácia entity;;Edit entity;
egov.entity.technicalNameAlreadyExists;Zvolené technické meno už exituje;Zvolené technické meno už exituje. Technické meno musí byť jedinečné.;Technical name of CI type already exists;
egov.invisible;Viditeľnosť;;Visibility;
egov.mandatory;Povinný;;Mandatory;
egov.maxValue;Maximálna hodnota;;Max. value;
egov.minValue;Minimálna hodnota;;Min. value;
egov.name;Meno;;Name;
egov.order;Poradie;;Order;
egov.profile.createHeader;Vytvorenie nového profilu atribútov;;Create new attribute profile;
egov.profile.descriptionError;Popis je povinný;;Description is required;
egov.profile.detailHeading;Detail profilu;;Detail of profile;
egov.profile.editHeader;Editácia profilu atribútov;;Edit profile;
egov.profile.engDescriptionError;Anglický popis je povinný;Anglický popis je povinný údaj.;English description is required;
egov.profile.engNameError;Anglické meno je povinné;Anglické meno je povinný údaj.;English name is required;
egov.profile.nameError;Meno je povinné;Meno je povinný údaj.;Name is required;
egov.relation.createHeader;Vytvorenie nového vzťahu;;Create new relation;
egov.relation.detailHeading;Detail vzťahu;;Detail of relation;
egov.relation.editHeader;Editácia vzťahu;;Edit relation;
egov.roles;Opravnené role;;Allowed Roles;
egov.rolesMain.createHeader;Vytvorenie rolí;;Create roles;
egov.rolesMain.detailHeading;Detail role;;Detail of roles;
egov.rolesMain.editHeader;Editácia rolí;;Edit roles;
egov.routing.attrProfile;Profily atribútov;;Attribute profiles;
egov.routing.home;Hlavná stránka;;Home Page;
egov.routing.profileList;Zoznam profilov;;Profile List;
egov.state;Stav;;State;
egov.technicalName;Technické meno;;Technical Name;
egov.type;Typ;;Type;
egov.units;Merná jednotka;;Measure unit;
egov.uriPrefix;URI prefix;;URI prefix;
egov.valid;Stav;;State;
eko.cancel;Zrušiť;;Cancel;
eko.createdAt;Vypublikované: {{date, DATE_SHORT}};;Created: ;
eko.createdCode;Vytvoriť EKO kód;;Create EKO code;
eko.deleteCodes;Zmazanie položiek;;Delete codes;
eko.deleteModalContent;Naozaj si želáte odstrániť uvedený EKO kód?;;Do you really wish to delete the given EKO code?;
eko.deleteModalOkButtonLabel;Zmazať vybrané EKO kódy;;Delete selected EKO codes;
eko.deleteModalTitle;Zmazanie EKO kódov;;Delete EKO codes;
eko.detailName;Názov kódu;;Code name;
eko.edit;Upraviť položku;;Edit item;
eko.editCode;Upraviť EKO kód;;Edit EKO code;
eko.ekoCode;Kód;;Code;
eko.ekoCodeState;Stav;;State;
eko.invalidateCodes;Zneplatniť položky;;Invalidate codes;
eko.invalidateModalContent;Naozaj si želáte zneplatniť uvedený EKO kód?;;Do you really wish to invalidate the given EKO code?;
eko.invalidateModalOkButtonLabel;Zneplatniť vybrané EKO kódy;;Invalidate selected EKO codes;
eko.invalidateModalTitle;Zneplatnenie EKO kódov;;Invalidate EKO codes;
eko.lastModifiedAt;Aktualizované: {{date, DATE_SHORT}};;Last modified: ;
eko.name;Názov;;Name;
eko.save;Uložiť;;Save;
eko.selectedCode;Vybraný EKO kód;;Selected EKO code;
eko.tabTitle;Základné informácie;;Basic information;
eko.validation.exactLength;Hodnota musí mať {{length}} znakov;;The specified string must have {{length}} characters;
eko.validation.maxLength;Maximálna dĺžka je {{length}} znakov;;Maximum length is {{length}} characters;
eko.validation.requiredField;Povinné pole;;Required filed;
eko.validation.uniqueEkoCode;Kód musí byť unikátny;Kód musí byť jedinčený.;EKO code must be unique;
ekoValidity.ACTIVE;Platný;;Valid;
ekoValidity.INVALIDATED;Neplatný;;Invalidate;
ekoValidity.undefined;Neplatný;;Invalidate;
errors.default;Ups, niečo sa pokazilo.;;Ups, something went wrong.;
errors.gnr403;Na volanie nemáte oprávnenie.;Na akciu nemáte dostatočné oprávnenie.;You do not have permission to call this API.;
errors.gnr412;Podmienka nie je splnená.;;Condition not met.;
feedback.approveSaved;Uložené;;Saved;
feedback.approveSuccess;Schválené;;Approved;
feedback.codeAlreadyExists;Interný číselník s takýmto kódom už existuje;Interný číselník s takýmto kódom už existuje.;An internal codelist with such a code already exists;
feedback.executingScript;Script sa vykonáva;Akcia sa vykonáva.;Executing script;
feedback.failedFetch;Vyskytol sa problém s načítaním údajov. Prosím skúste znova.;Vyskytol sa problém s načítaním údajov. Prosím, skúste akciu zopakovať.;There was a problem with fetching data. Please try again.;
feedback.mutationErrorMessage;Ospravedlňujeme sa, ale pri vykonávaní akcie nastala technická chyba. Pokúste sa akciu zopakovať. V prípade, že sa chyba vyskytuje opakovane, kontaktujte administrátora e-mailom na ;Ospravedlňujeme sa, ale pri vykonávaní akcie nastala technická chyba. Pokúste sa akciu zopakovať. V prípade, že sa chyba vyskytuje opakovane, kontaktujte, prosím, administrátora MetaIS e-mailom na adrese:;We apologize, but a technical error occurred while executing your action. Try the action again. In case the error occurred repeatedly, contact the administrator by e-mail at;
feedback.mutationErrorTitle;Akcia zlyhala;Akcia zlyhala.;Action failed;
feedback.queryErrorMessage;Ospravedlňujeme sa, ale pri načítavaní dát sa vyskytla technická chyba. Skúste stránku znova načítať. V prípade, že sa chyba vyskytuje opakovane, kontaktujte administrátora e-mailom na adrese ;Ospravedlňujeme sa, ale pri načítavaní dát sa vyskytla technická chyba. Pokúste sa stránku znova načítať. V prípade, že sa chyba vyskytuje opakovane, kontaktujte, prosím, administrátora e-mailom na adrese:;We apologize, but a technical error occurred while data fetching. Try reloading the page. In case the error occurred repeatedly, contact the administrator by e-mail at ;
feedback.queryErrorTitle;Nastala chyba;Nastala chyba.;Error occured;
feedback.returnToWorkSuccess;KRIT bol úspešne vrátený na prepracovanie!;KRIT bol úspešne vrátený na prepracovanie.;KRIT has been successfully returned for rework!;
feedback.roleHasRelations;Rola má vzťah k iným objektom;Rola má vzťah k iným objektom.;Role has relations to other objects;
feedback.saving;Ukladá sa...;;Saving...;
feedback.sendToApprover;KRIT bol úspešne poslaný na schválenie!;KRIT bol úspešne poslaný na schválenie.;COVER has been successfully submitted for approval!;
feedback.sendToRevalidate;Položka bola poslaná na spracovanie, prosím počkajte na notifikáciu o splatnení.;Položka bola poslaná na spracovanie, prosím, počkajte na notifikáciu o splatnení.;The item has been sent for processing, please wait for payment notification.;
filter.ISVS.name;Názov informačného systému;;;
filter.KS.name;Názov koncovej služby;;;
filter.PO.evidenceStatus;Stav evidencie;;Evidence status;
filter.PO.itIsChapter;Je kapitola;;It is a chapter;
filter.PO.name;Názov;;Name;
filter.PO.personsCategory;Kategória osoby;;Persons category;
filter.PO.publicAuthorityType;Typ povinnej osoby;Typ orgánu riadenia;Public authority type;
filter.chooseState;Vyberte stav;;Select status;
filter.chooseValue;Vyberte hodnotu;;Select value;
filter.collapse;Zbaliť filter;;Collapse filter;
filter.egov.name;Meno;;Name;
filter.egov.technicalName;Technické meno;;Technical name;
filter.egov.type;Typ;;Type;
filter.egov.valid;Stav;;State;
filter.expand;Rozbaliť filter;;Expand filter;
filter.isvs.name;;;Name of information system;
filter.ks.name;;;Name of end service;
filter.metaisCode.label;Kód MetaIS;;Code MetaIS;
filter.metaisCode.placeholder;ks_;;ks_;
filter.namePlaceholder;Zadajte názov;;Enter a name;
filter.publicAuthorities.ICO;ICO;IČO;ICO;
filter.publicAuthorities.name;Meno;;Name;
filter.publicAuthorities.onlyFreePO;Iba voľné povinné osoby;Iba voľné orgány riadenia;Only free organizations;
filter.publicAuthorities.poName;Povinná osoba;orgán riadenia;Obliged person;
filter.publicAuthorities.state;Stav;;State;
filter.reset;Vyčistiť kritéria filtrovania;;Clear Filter;
filter.searchPlaceholder;Vyhľadajte v tabuľke;;Search in table;
filter.submit;Vyfiltrovať;;Filter;
financesValidations.allNumbers;Schvalovací proces musí zahŕňať rozsah všetkých hodnôt.;;The approval process must cover the range of all values.;
financesValidations.minMax;Hodnoty nie sú korektné - minimálna hodnota nesmie prekročiť maximálnu.;;The values are not correct - the minimum value must not exceed the maximum.;
financesValidations.startWithZero;Schvalovací proces musí začínať sumou 0 eur.;;The approval process must start with an amount of 0 euros.;
footer.GDPRAndCookies;GDPR a cookies;;GDPR and cookies;
footer.MIRRI;Ministerstvo investícií, regionálneho rozvoja a informatizácie Slovenskej republiky;;Ministry of Investments, Regional Development, and Informatization of the Slovak Republic;
footer.RSS;RSS;;RSS;
footer.accessibilityDeclaration;Vyhlásenie o prístupnosti;;Accessibility declaration;
footer.appVersion;Verzia aplikácie;;App version;
footer.contact;Kontakt;;Contact;
footer.contentAdmin;Správca obsahu;;Admin of content;
footer.created;Vytvorené;;Created;
footer.createdBy;;;Government Digital Services Office;
footer.createdInAccordance;Vytvorené v sulade s ;Vytvorené v súlade s ;Created in accordance with ;
footer.exceptionsLegislation;Osobitný postup;Osobitné postupy;Exceptions legislation;
footer.home;Home;;Home;
footer.idsk;Jednotným dizajn manuálom elektronických služieb.;;Unified design manual for electronic services.;
footer.license;Open Government Licence v3.0;;Open Government Licence v3.0;
footer.licenseIf;, pokiaľ nie je uvedené inak;;, unless otherwise stated;
footer.mediaWiki;MediaWiki;;MediaWiki;
footer.metaisServices;Služby MetaIS;;MetaIS Services;
footer.operatorMIRRI;Prevádzkovateľom služby je Ministerstvo investícií, regionálneho rozvoja a informatizácie SR.;;The service is operated by the Ministry of Investments, Regional Development, and Informatization of the Slovak Republic.;
footer.politics.announcements;Oznamy;;Announcements;
footer.politics.departments;Oddelenia;;Departments;
footer.politics.government;Ako funguje vláda;;How government works;
footer.politics.politics;Politiky;;Politics;
footer.politics.publications;Publikácie;;Publications;
footer.politics.title;Oddelenia a politika;;Departments and Policies;
footer.politics.worldwide;Celosvetovo;;Worldwide;
footer.rights;© Autorské práva;;© Copyright;
footer.services.business;Podnikanie a samostatne zárobková činnosť;;Business and self-employment;
footer.services.care;Starostlivosť o deti a rodičovstvo;;Childcare and parenting;
footer.services.city;Bývanie a miestne služby;;Housing and local services;
footer.services.criminality;Kriminalita, spravodlivosť a zákon;;Crime, justice, and law;
footer.services.disabled;Zdravotne postihnutí ľudia;;Disabled people;
footer.services.education;Vzdelávanie a učenie sa;;Education and learning;
footer.services.employment;Zamestnávanie ľudí;;Employment of people;
footer.services.environment;Životné prostredie a vidiek;;Environment and countryside;
footer.services.lifeEvents;Narodenia, úmrtia, sobáše a starostlivosť;;Births, deaths, marriages, and care;
footer.services.population;Obyvateľstvo a život v Spojenom kráľovstve;;Population and life in the United Kingdom;
footer.services.rations;Dávky;;Rations;
footer.services.taxes;Finančné záležitosti a dane;;Financial matters and taxes;
footer.services.title;Služby a informácie;;Services and Information;
footer.services.traffic;Vodičský preukaz a doprava;;Driving license and transportation;
footer.services.travel;Cestovanie a život v zahraničí;;Travel and living abroad;
footer.services.visas;Víza a imigrácia;;Visas and immigration;
footer.services.work;Práca, zamestnanie a dôchodky;;Work, employment, and pensions;
footer.support.contact;Kontakt;;Contact;
footer.support.cookies;Súbory cookies;;Cookies;
footer.support.help;Pomoc;;Help;
footer.support.servicesCzech;Zoznam služieb v češtine;;List of services in Czech;
footer.support.terms;Obchodné podmienky;;Terms and Conditions;
footer.support.title;Odkazy na podporu;;Support Links;
footer.technicalOperator;Technický prevádzkovateľ;;Technical operator;
footer.usefulLinks;Užitočné odkazy;;Useful Links;
footer.webResidencyMap;Mapa webového sídla;;Web residency map;
form.back;Späť;;Back;
form.select.country;Výber krajiny;;Choose country;
form.submit;Odoslať formulár;;Submit form;
form.userFirstName;Meno použivateľa;;First name of user;
form.userSurName;Priezvisko použivateľa;;Surname of user;
form.waitSending;Odosielanie;;Sending;
homePage.loggedInPlaceholder;Vitajte.;;Welcome.;
homePage.placeholder;Domov - pre zobrazenie navigácie je potrebné prihlásiť sa;Domov - pre zobrazenie navigácie je potrebné sa prihlásiť.;Home - login to see navigation items;
input.requiredField;(povinné);;(required);
language.en;English;Anglický jazyk;English;
language.ge;German;Nemecký jazyk;;
language.sk;Slovenčina;Slovenský jazyk;Slovenčina;
languageSelector.close;Skryť jazykové menu;;Close language menu;
languageSelector.open;Rozbaliť jazykové menu;;Open language menu;
loading.export;Preparing export;;Preparing export;
loading.loadingSubPage;Načítavám podstránku;Podstránka sa načítava.;Loading sub-page;
managementList.MustBeMaximum;môže mať maximálne {{charsNumber}} znakov;;can have a maximum of {{charsNumber}} characters;
managementList.authTableCheckbox;Akcie;;Actions;
managementList.authTableSettings;Nastavenia;;Settings;
managementList.authTableType;Typ;;Type;
managementList.authetificationItemsHeading;Spôsoby autentifikácie;;Means of authentification;
managementList.back;Späť;;Back;
managementList.cancel;Zrušiť;;Cancel;
managementList.cancelAuthButton;Zruš autentifikačný spôspob;;Cancel the authentication method;
managementList.clarity;Clarity;;Clarity;
managementList.containerQueryError;Loading of data for user management failed.;;Loading of data for user management failed.;
managementList.delete;Vymazať;;Delete;
managementList.description;Popis;;Description;
managementList.detailCreateHeading;Vytvorenie nového používateľa;;Creation of user;
managementList.detailEditHeading;Upravenie existujúceho používateľa;;Editing of exisitng user;
managementList.detailHeading;Detail používateľa;;User detail;
managementList.displayName;Zobrazujúce sa meno;;Display name;
managementList.eID;eID;;eID;
managementList.edit;Upraviť;;Edit;
managementList.email;Email;E-mailová adresa;Email;
managementList.emailFormat;Formát emailu je zlý;;Bad email format;
managementList.firstName;Krstné meno;;First name;
managementList.formError;Chyba pri kontrole dostupného loginu;Nastala chyba pri kontrole dostupného loginu.;Error while checking available login;
managementList.giveRolesToUserHeading;Priradenie povinnej osoby a role používateľovi;;Assigning of organization and role to user;
managementList.lastName;Priezvisko;;Last name;
managementList.login;Login;Používateľské meno;Login;
managementList.loginFormat;Login akceptuje iba malé písmená, čísla a bodky.;Prihlasovacie meno môže obsahovať iba malé písmená, čísla a bodky.;Login accepts only lowercase letters, numbers and dots.;
managementList.mobile;Mobil;;Mobile phone;
managementList.mutationError;Počas akcie došlo k chybe.;;Error while performing action.;
managementList.name;Názov;;Name;
managementList.namePassword;Meno / Heslo;;Name / Password;
managementList.newPassword;Nové heslo;;New password;
managementList.noChangesDetected;Neboli zaznamenané žiadne zmeny.;;No changes were detected.;
managementList.noSpacesError;Položka {{value}} nesmie obsahovať medzery;Položka {{value}} nesmie obsahovať medzery.;Spaces can not be included in {{value}};
managementList.noUserId;There was mistake in fetching data.;;There was mistake in fetching data.;
managementList.password;Heslo;;Password;
managementList.passwordChange;Zmena hesla;;Password change;
managementList.passwordChangeError;Zmena hesla skončila chybou;Zmena hesla skončila chybou.;Changing the password ended in an error;
managementList.passwordChangeInProgress;Prebieha zmena hesla;Prebieha zmena hesla.;Password is being changed;
managementList.phone;Telefón;Telefónne číslo;Phone;
managementList.phoneFormat;Formát tel. čísla je zlý;;Bad phone format;
managementList.position;Pozícia;;Position;
managementList.publicAuthority;Povinná osoba;;Organization;
managementList.required;Položka {{value}} je povinná;Položka {{value}} je povinná.;The {{value}} is required;
managementList.roleGroups;Skupiny rolí;;Role groups;
managementList.save;Uložiť;;Save;
managementList.selectPlaceholder;Vyber povinnú osobu...;;Choose organization...;
managementList.singleRoles;Jednotlivé role;;Individual roles;
managementList.tableHeaderDescription;Popis role;;Role description;
managementList.tableHeaderRole;Rola;;Role;
managementList.userRolesHeading;Priradené role;;Assigned roles;
managementList.windows;Windows;;Windows;
monitoring.heading;Správa monitoringu;;Monitoring mangement;
monitoring.list.heading;Záznamy z monitoringu;;Monitoring records;
monitoring.params.heading;Monitorovacie parametre;;Monitoring parameters;
mutationFeedback.attrSuccessfulCreated;Atribút bol úspešne pridaný;Atribút bol úspešne pridaný.;Attribute was successfully created;
mutationFeedback.attrSuccessfulUpdated;Atribút bol úspešne  zmenený;Atribút bol úspešne  zmenený.;Attribute was successfully changed;
mutationFeedback.changeOwner;;;Change owner;
mutationFeedback.invalidatePOError;Zneplatnenie Orgánu riadenia neúspešná;Zneplatnenie orgánu riadenia bolo neúspešné.;Public authority invalidation failed;
mutationFeedback.invalidatePOSuccess;Orgán riadenia bol úspešne zneplatnený;Orgán riadenia bol úspešne zneplatnený;Public authority successfully invalidate;
mutationFeedback.metaColumnName.createdAt;;;Created;
mutationFeedback.metaColumnName.group;;;Manager;
mutationFeedback.metaColumnName.lastModifiedAt;;; Last change;
mutationFeedback.metaColumnName.state;;;Evidence status;
mutationFeedback.runMutationError;Vykonávanie skriptu zlyhalo, skontrolujte platnosť kódu;Vykonávanie skriptu zlyhalo, skontrolujte, prosím, platnosť kódu.;Script execution failed, check the validity of the code;
mutationFeedback.runMutationSuccess;Skript bol úspešne vykonaný;Skript bol úspešne vykonaný.;Script successfully executed;
mutationFeedback.successfulCreated;Položka bola úspešne pridaná;Položka bola úspešne pridaná.;The item was successfully created;
mutationFeedback.successfulUpdated;Položka bola úspešne zmenená;Položka bola úspešne zmenená.;The item was successfully changed;
navMenu.GoalsPrincipalsActivitiesKRIT;Ciele, princípy a KRIT;;Goals, principles and KRIT;
navMenu.admin;Administrácia;;Administration;
navMenu.assignment;Úlohy;;Assignments;
navMenu.centralDataModel;Centrálny dátový model;;Central data model;
navMenu.codelists;Správa interných číselníkov;;Internal codelists management;
navMenu.dashboard;Nástenka;;Dashboard;
navMenu.dataElementsCatalogue;Katalóg dátových prvkov;;Data elements catalogue;
navMenu.dataObjects;Dátové objekty;;Data objects;
navMenu.dataObligationsRegister;Register dátových oprávnení a povinností;;Register of data authorizations and obligations;
navMenu.documentsManagement;Dokumenty;;Documents;
navMenu.egov.egov;Správa eGov komponentov;;Management of eGov components;
navMenu.egov.entity;Entity;;Entities;
navMenu.egov.profiles;Profily atribútov;;Attribute profiles;
navMenu.egov.relations;Vzťahy;;Relations;
navMenu.egov.reports;Reports;;Reports;
navMenu.egov.roleManagement;Správa rolí;;Role management;
navMenu.egovComponents;e-Government komponenty;;e-Government Components;
navMenu.eko;EKO kódy;;EKO codes;
navMenu.guides;Postupy a návody;;Guides and procedures;
navMenu.hide;Skrt;Skryť;Hide;
navMenu.innerNav;Vnútorná navigácia;;Inner navigation;
navMenu.lists.aktivita;Aktivity;;Activity;
navMenu.lists.applicationServices;Aplikačné služby;;Application services;
navMenu.lists.architectonicRepository;Architektonický repozitár;;Architectonic repository;
navMenu.lists.assembliesAndReports;Zostavy a reporty;;Assemblies and reports;
navMenu.lists.attributesEvidenceObjects;Atribút objektu evidencie;;Attributes of evidence objects;
navMenu.lists.authorities;Orgány verejnej moci;;Public authorities;
navMenu.lists.centralModel;Centrálny dátový model;;Central data model;
navMenu.lists.ciel;Ciele;;Goals;
navMenu.lists.codelists;Číselníky;;Codelists;
navMenu.lists.codelistsList;Zoznam číselníkov;;Codelists list;
navMenu.lists.codelistsRequestsList;Zoznam žiadostí o pridanie číselníka;;List of requests to add a codelist;
navMenu.lists.commission;Komisia na štandardizáciu ITVS;Komisia pre štandardizáciu ITVS;ITVS Standardization Commission;
navMenu.lists.concept;Tvorba návrhu;;Concept creation;
navMenu.lists.concepts;Zoznam návrhov predložených prostredníctvom MetaIS;;Drafts list;
navMenu.lists.educationalCourses;Školenia;;Educational courses;
navMenu.lists.endServices;Koncové služby;;End services;
navMenu.lists.evidenceObjects;Objekt evidencie;;Evidence objects;
navMenu.lists.goals;Ciele, princípy a KRIT;;Objectives, principles and KRIT;
navMenu.lists.groups;Pracovné skupiny v pôsobnosti komisie pre štandardizáciu ITVS;Pracovné skupiny v pôsobnosti Komisie pre štandardizáciu ITVS;Working groups of the commission;
navMenu.lists.infrastructures;Infraštruktúrna služba;;Infrastructure services;
navMenu.lists.integrationAgreementsOnServiceLevel;Integračné dohody o úrovni poskytovania služieb (ISLA);;Integration agreements on the level of service provided (ISLA);
navMenu.lists.isvs;ISVS;;ISVS;
navMenu.lists.krit;Koncepty rozvoja IT;;Concepts of IT development;
navMenu.lists.licenses;Licencie;;Licenses;
navMenu.lists.meetings;Zoznam zasadnutí;;Meetings;
navMenu.lists.monitoringApp;Monitorované parametre AS;;Monitored parameters of AS;
navMenu.lists.monitoringEnd;Monitorované parametre KS;;Monitored parameters of KS;
navMenu.lists.monitoringImport;Import monitorovacích parametrov;;Import of monitored parameters;
navMenu.lists.monitoringServices;Monitoring služieb;;Monitoring services;
navMenu.lists.monitoringSet;Zostava monitorovaných parametrov;;Set of monitoring parameters;
navMenu.lists.notInOVM;Prevádzkovatelia IS, ktorí nie sú orgánmi riadenia;;Operators, which are not in OVM;
navMenu.lists.operationPlace;Miesto prevádzky;;Operation place;
navMenu.lists.otherComponents;Ostatné komponenty;;Other components;
navMenu.lists.overviews;Prehľady;;Overviews;
navMenu.lists.personalProcedures;Osobitný postup;Osobitné postupy;Personal procedures;
navMenu.lists.princip;Princípy;;Principles;
navMenu.lists.procedures;Osobitné postupy;;Special procedures;
navMenu.lists.process;Proces;;Process;
navMenu.lists.processorsOfITDevelopmentConcepts;Spracovatelia KRIT;;Processors of KRIT;
navMenu.lists.programs;Programy;;Programs;
navMenu.lists.projects;Projekty;;Projects;
navMenu.lists.prud;Register dátových oprávnení a povinností;;Register of data permissions and responsibilities;
navMenu.lists.publicAuthorityHierarchy;Hierarchia orgánov riadenia;;Hierarchy of public authorities;
navMenu.lists.publicCodelists;Publikované číselníky;;Public codelists;
navMenu.lists.referenceIdentifiersList;Zoznam referenčných identifikátorov;;List of reference identifiers;
navMenu.lists.referenceIdentifiersRequestsList;Zoznam žiadostí o pridanie referenčného identifikátora;;List of requests to add a reference identifier;
navMenu.lists.registers;Referenčné registre;;Reference registers;
navMenu.lists.registersList;Zoznam referenčných registrov;;List of reference registers;
navMenu.lists.registersRequestsList;Zoznam žiadostí o pridanie referenčného registra;;List of requests to add a reference register;
navMenu.lists.relationsInspection;Inšpekcia vzťahov;;Inspection of relations;
navMenu.lists.sdg;Jednotná digitálna brána;;Uniform digital gate;
navMenu.lists.servers;Servery;;Servers;
navMenu.lists.serviceLevelAgreementsWithOperator;Dohody o úrovni poskytovania služieb s prevádzkovateľom (SLA);;Service level agreements with the Operator (SLA);
navMenu.lists.standards;Štandardy ISVS;Štandardy ITVS;Standards of ISVS;
navMenu.lists.subordinates;Podriadené osoby;;Subordinates;
navMenu.lists.totalCostOfOwnership;Celkové náklady na vlastníctvo;;Total costs of ownership;
navMenu.lists.virtualMachines;Virtuálne stroje;;Virtual machines;
navMenu.lists.votes;Zoznam hlasovaní;;Votes;
navMenu.lists.webAddress;Webové sídla;;Web addresses;
navMenu.lists.webResidence;Webové sídla;;Web residences;
navMenu.lists.webResidenceAndMobileApps;Webové sídlo a mobilné aplikácie;;Web residence and mobile applications;
navMenu.mainNav;Hlavná navigácia;;Main navigation;
navMenu.monitoring.list;Záznamy z monitoringu;;Monitoring records;
navMenu.monitoring.monitoring;Správa monitoringu;;Monitoring management;
navMenu.monitoring.params;Monitorovacie parametre;;Monitoring parameters;
navMenu.monitoringNav;Zostavy a monitoring;;Reports and monitoring;
navMenu.notifications;Notifikácie;;Notifications;
navMenu.programProjectsActivities;Programy, projekty a aktivity;;Programs, projects and activities;
navMenu.projects.financeManagement;Finančné limity schvaľovacieho procesu;;Financial limits of the approval process;
navMenu.projects.management;Správa projektov;;Projects Management;
navMenu.publicAuthorities.management;Správa orgánov riadenia;;Public authorities management;
navMenu.publicAuthorities.massActualizations;Hromadné aktualizácie;;Mass updates;
navMenu.publicAuthorities.massUpdate;Hromadné aktualizácie;;Mass update;
navMenu.publicAuthorities.publicAuthorities;Orgány riadenia;;Public authorities;
navMenu.publicAuthoritiesNav;Orgány riadenia;;Public authorities;
navMenu.referenceIdentifiers;Referenčné identifikátory;;Reference identifiers;
navMenu.reports;Zoznam zostáv;;List of reports;
navMenu.reportsManagement;Správa zostáv;;Reports management;
navMenu.roleManagement;Správa rolí;;Role management;
navMenu.settings;Nastavenia profilu;;Settings;
navMenu.show;Ukáž;;Show;
navMenu.standardization;Štandardizácia;;Standardization;
navMenu.templateReferenceIdentifiersManagement;Správa šablón referencovateľných identifikátorov;;Management of referenceable identifier templates;
navMenu.tooltips;Tooltipy;;Tooltips;
navMenu.userManagement.gdprRequestList;Žiadosti na vymazanie osobných údajov;;Requests for remove personal data;
navMenu.userManagement.registrationRequestList;Registrácie;;Registrations;
navMenu.userManagement.requestList;Žiadosti;;Requests;
navMenu.userManagement.requestListAll;Žiadosti, registrácie a žiadosti na vymazanie osobných údajov;;Requests, registrations and GDPR requests;
navMenu.userManagement.userManagement;Správa používateľov;;User management;
navMenu.userManagement.users;Používatelia;;Users;
navbar.closeMenu;Skry menu;Skryť menu;Close menu;
navbar.development;Regionálny rozvoj;;Regional Development;
navbar.domain;Doména gov.sk je oficálna;;The gov.sk domain is official;
navbar.e-gov;e-gov;;e-gov;
navbar.eurofonds;Eurofondy;;Eurofunds;
navbar.factChecker;Fact-checker;;Fact-checker;
navbar.hideInformationAboutSite;Skry informácie o stránke;Skryť informácie o stránke;Hide information about site;
navbar.home;Domov;;Home;
navbar.info;Informatizácia;;Digitization;
navbar.inovations;Inovácie;;Innovations;
navbar.invest;Investície;;Investments;
navbar.link;Odkazy na jednotlivé webové sídla orgánov verejnej moci nájdete na tomto odkaze;;Links to individual websites of public authorities can be found at this link;
navbar.linkToHomePage;Odkaz na hlavnú stránku;;Link to home page;
navbar.linksToWebs;odkazy na webové stránky orgánov verejnej moci;;links to websites of public authorities;
navbar.login;Prihlásiť;;Login;
navbar.logout;Odhlásiť;;Logout;
navbar.menu;Menu;;Menu;
navbar.ministryName;Ministerstvo investícií, regionálneho rozvoja a informatizácie SR;;Ministry of Investments, Regional Development and Informatization of the Slovak Republic;
navbar.newItem;+ Nová položka;;+ New Item;
navbar.notifications;Notifikácie;;;
navbar.official;Oficiálna stránka;;Official Website;
navbar.officialSite;Toto je oficiálna webová stránka orgánu verejnej moci Slovenskej republiky. Oficiálne stránky využívajú najmä doménu gov.sk.;;This is the official website of the public authority of the Slovak Republic. Official websites primarily use the gov.sk domain.;
navbar.openMenu;Otvor menu;;Open menu;
navbar.profile;Profil;;Profile;
navbar.profileImage;Profilový obrázok;;;
navbar.publicAdministration;verejnej správy SR;;Public Administration;
navbar.registration;Registrácia;;Registration;
navbar.safety;Buďte pozorní a vždy sa uistite, že zdieľate informácie iba cez zabezpečenú webovú stránku verejnej správy SR.Zabezpečená stránka vždy začína https:// pred názvom domény webového sídla.;Buďte pozorní a vždy sa uistite, že zdieľate informácie iba cez zabezpečenú webovú stránku verejnej správy SR. Zabezpečená stránka vždy začína https:// pred názvom domény webového sídla.;Be cautious and always ensure that you share information only through a secure website of the public administration of the Slovak Republic. A secure page always starts with https:// before the domain name of the website.;
navbar.search;Search;Hľadať;Search;
navbar.searchPlaceholder;Zadajte hľadaný výraz;;Enter search term;
navbar.security;Táto stránka je zabezpečená;Táto stránka je zabezpečená.;This page is secure;
navbar.showInformationAboutSite;Rozbaľ informácie o stránke;;Show information about site;
navbar.sk;SK;;SK;
navbar.skip;Preskočiť na hlavný obsah;;Skip to main content;
no;Nie;;No;
notifications.column;Stĺpec;;Column;
projects.financeManagement.approvalProcess;Schvalovací proces;;Approval process;
projects.financeManagement.approvalProcessName;Názov schvaľovacieho procesu;;Approval process name;
projects.financeManagement.heading;Finančné limity schvaľovacieho procesu;;Finance limits of approval process;
projects.financeManagement.investmentType;Typ Investície:;;Investment type:;
projects.financeManagement.more;Viac;;More;
projects.financeManagement.program;Program:;;Program:;
projects.financeManagement.selectInvestmentType;Vyberte typ investície;;;
projects.financeManagement.selectProgram;Vyberte program;;;
projects.financeManagement.tableTitleMax;Plánovaný rozpočet max.;;Planned budget max.;
projects.financeManagement.tableTitleMin;Plánovaný rozpočet min.;;Planned budget min.;
publicAuthorities.assigned.heading;Priradenie povinnej osoby nadradenej povinnej osobe;;Assign organization to superior organization;
publicAuthorities.assigned.isAssigned;PO môže figurovať ako podriadená iba pre jednu nadriadenú PO!;Orgán riadenia môže figurovať ako podriadený iba pre jeden nadriadený orgán riadenia.;Organization can figure only as subject to only one superior organization!;
publicAuthorities.assigned.isCycleInHierarchy;V hierarchii PO nesmie vzniknúť cirkulárna referencia v rámci PO, teda PO nesmie byť nadradenou a zároveň podradenou pre tú istú PO!;V hierarchii orgánovu riadenia nesmie vzniknúť cirkulárna referencia v rámci orgánu riadenia, teda orgán riadenia nesmie byť nadradeným a zároveň podradeným pre ten istý orgán riadenia.;Organization can not be superior and subject at the same time for one organization!;
publicAuthorities.assigned.save;Uložiť;;Save;
publicAuthorities.assigned.topLevelOrg;Nemôžete priradiť povinnej osobe hlavnú povinnú osobu!;Nemôžete priradiť orgánu riadenia hlavnému orgánu riadenia!;You can not assign organization main organization!;
publicAuthorities.assigned.warningInfo;Nemôžete vytvoriť vzťah medzi rovnakou identitou!;Nemôžete vytvoriť vzťah medzi rovnakou identitou.;You can not create relationship between similar identity!;
publicAuthorities.create.URI;URI;;URI;
publicAuthorities.create.addNewOrganization;Pridanie PO;Pridanie orgánu riadenia;Add new organization;
publicAuthorities.create.category;Kategória osoby;;Category of person;
publicAuthorities.create.city;Mesto / Obec;Mesto/Obec;City;
publicAuthorities.create.codeMetaIS;Kód MetaIS;;MetaIS code;
publicAuthorities.create.description;Popis;;Description;
publicAuthorities.create.district;Okres;;District;
publicAuthorities.create.engDescription;Anglický popis;;English description;
publicAuthorities.create.engName;Anglický názov;;English name;
publicAuthorities.create.ico;IČO;;Identification number;
publicAuthorities.create.isChapter;Je kapitola;;Is chapter;
publicAuthorities.create.linkReference;Odkaz na referenciu;;Reference link;
publicAuthorities.create.name;Názov;;Name;
publicAuthorities.create.note;Poznámka;;Note;
publicAuthorities.create.number;Orientačné číslo;;Number;
publicAuthorities.create.numberOfReplication;Počet replikácii;;Number of replications;
publicAuthorities.create.officer.lastName;Priezvisko;;Last name;
publicAuthorities.create.officer.name;Meno;;Name;
publicAuthorities.create.officer.titleAfterName;Titul za menom;;Title after name;
publicAuthorities.create.officer.titleBeforeName;Titul pred menom;;Title before name;
publicAuthorities.create.organizationType;Typ povinnej osoby;Typ orgánu riadenia;Type of organization;
publicAuthorities.create.postalCodeRegex;PSČ je v nesprávnom tvare. Správny tvar je '00000' a povolené znaky sú 0-9;PSČ je v nesprávnom tvare. Správny tvar je '00000' a povolené znaky sú 0-9.;Incorrect form of postal code. Correct form is '00000' and allowed characters are 0-9;
publicAuthorities.create.psc;PSČ;;Postal code;
publicAuthorities.create.referenceDescription;Popis referencie;;Reference description;
publicAuthorities.create.replicationType;Typ replikácie;;Replication type;
publicAuthorities.create.savingPO;Ukladám povinnú osobu;Ukladám orgán riadenia;Saving organization;
publicAuthorities.create.shortName;Skrátený názov;;Short name;
publicAuthorities.create.source;Zdroj údajov;;Source;
publicAuthorities.create.street;Ulica;;Street;
publicAuthorities.create.webResidence;Webové sídlo;;Web residence;
publicAuthorities.detail.statutoryOfficer;Štatutár;;Statutory officer;
publicAuthorities.detail.title;Detail povinnej osoby;Detail orgánu riadenia;Detail of organization;
publicAuthorities.edit.updateExistingOrganization;Úprava povinnej osoby;Úprava orgánu riadenia;Edit organization;
publicAuthorities.find.cancel;Zrušiť;;Cancel;
publicAuthorities.find.createNew;Vytvoriť novú povinnú osobu;Vytvoriť orgán riadenia;Create new organization;
publicAuthorities.find.ico;Zadajte IČO;;Enter identification number;
publicAuthorities.find.icoExist;Povinná osoba s daným IČO-m už v systéme existuje;Orgán riadenia s daným IČO-m už v systéme existuje.;Organization with this identification number already exist;
publicAuthorities.find.icoPlaceholder;Zadajte IČO povinnej osoby, ktorá sa má vyhľadať v CSRU. Správny tvar je 00000000 a 000000000000;Zadajte IČO orgánu riadenia, ktore sa má vyhľadať v CSRU. Správny tvar je 00000000 a 000000000000.;Enter organization identification number, which should be searched at CSRU. Correct format is 00000000 or 000000000000;
publicAuthorities.find.icoRegex;IČO je v nesprávnom tvare. Správny tvar je '00000000' a '000000000000';"IČO je v nesprávnom tvare. Správny tvar je ""00000000"" a ""000000000000"".";Identification number is in incorrect format. Correct format is '00000000' or '000000000000';
publicAuthorities.find.icoRequired;IČO je povinné;IČO je povinný údaj.;Identification number is required;
publicAuthorities.find.loading;Vyhľadávam IČO;;Searching identification number;
publicAuthorities.find.new;Tvorba povinnej osoby;Tvorba orgánu riadenia;Create new organization;
publicAuthorities.find.search;Vyhľadať;;Search;
publicAuthorities.massUpdate.actions.approve;Schváliť;;Approve;
publicAuthorities.massUpdate.actions.reject;Zamietnuť;;Reject;
publicAuthorities.massUpdate.feedback.approve.error;Chyba pri akceptovaní zmien;Nastala chyba pri akceptovaní zmien.;Error accepting changes;
publicAuthorities.massUpdate.feedback.approve.success;Organizačné zmeny boli akceptované;Organizačné zmeny boli akceptované.;Organizational changes were accepted;
publicAuthorities.massUpdate.feedback.reject.error;Chyba pri zamietnutí zmien;Nastala chyba pri zamietnutí zmien.;Error rejecting changes;
publicAuthorities.massUpdate.feedback.reject.success;Organizačné zmeny boli zamietnuté;Organizačné zmeny boli zamietnuté.;Organizational changes were rejected;
publicAuthorities.massUpdate.state;Stav;;State;
publicAuthorities.massUpdate.stateEnum.NEW;Vytvorená;;Created;
publicAuthorities.massUpdate.stateEnum.PROCESSED;Schválená;;Approved;
publicAuthorities.massUpdate.stateEnum.REJECTED;Zamietnutá;;Rejected;
publicAuthorities.massUpdate.title;Hromadná aktualizácia povinných osôb;;Mass update of mandatory persons;
radioButton.no;Nie;;No;
radioButton.yes;Áno;;Yes;
relationDetail.editError;Pri úprave {{relationName}} sa vyskytla chyba. Skúste akciu zopakovať a ak chyba pretrváva, kontaktujte podporu.;Pri úprave {{relationName}} sa vyskytla chyba. Pokúste sa úpravy zopakovať. V prípade, že sa chyba vyskytla opakovane, kontaktujte, prosím, administrátora MetaIS e-mailom na adrese: metais@mirri.gov.sk;There was error during edit of {{relationName}}. Try your action again and if error persists, please contact support.;There was error during edit of {{relationName}}. Try your action again and if error persists, please contact support at metais@mirri.gov.sk
relationDetail.editSuccess;Úprava {{relationName}} prebehla úspešne.;;Edit of {{relationName}} was successful.;
report.cards.additionalParams;Doplňujúce parametre;;Additional parameters;
report.cards.defaultValue;Predvolená hodnota;;Default value;
report.cards.identificator;Identifikátor parametra;;Parameter identificator;
report.cards.name;Názov parametra;;Parameter name;
report.cards.parameterType;Typ parametra;;Parameter type;
report.cards.required;Povinný parameter;;Required parameter;
report.category;Kategória;;Category;
report.description;Popis;;Description;
report.detail.addParameter;Pridať parameter;;Add parameter;
report.detail.identificator;Identifikátor;;Identificator;
report.detail.name;Názov;;Name;
report.detail.results;Výsledok scriptu;;Script results;
report.detail.runScript;Spustiť script;;Run script;
report.detail.save;Uložiť;;Save;
report.detail.script;Script;;Script;
report.detail.state;Stav;;State;
report.filter.category;Kategória;;Category;
report.language;Jazyk;;Language;
report.newReport;Nový report;;New report;
report.publishedFalse;Nepublikovaný;;Unpublished;
report.publishedTrue;Publikovaný;;Published;
report.table.actions;Úkony;;Actions;
report.table.category;Kategória;;Category;
report.table.description;Popis;;Description;
report.table.identificator;Identifikátor;;Identificator;
report.table.name;Názov;;Name;
report.table.published;Publikovaný;;Published;
requestList.addRolesDetail;Zoznam priradených rolí k používateľovi;;List added rols to user;
requestList.anonymizeBtn;Anonymizovať údaje;;Anonymize user data;
requestList.approve;Schváliť;;Approve;
requestList.backBtn;Späť;;Back;
requestList.claimState;Stav žiadosti;;State of claim;
requestList.createdAt;Vytvorené;;Created at;
requestList.decisionReason;Dôvod zamietnutia;;Reason;
requestList.decline;Zamietnuť;;Decline;
requestList.deleteBtn;Vymazanie používateľa;;Delete user;
requestList.description;Popis;;Description;
requestList.email;Email;E-mailová adresa;Email;
requestList.filter.accepted;Akceptované;;Accepted;
requestList.filter.all;Všetky;;All;
requestList.filter.created;Vytvorené;;Created;
requestList.filter.listType.gdpr;GDPR;;GDPR;
requestList.filter.listType.registrations;Registrácie;;Registrations;
requestList.filter.listType.requests;Žiadosti;;Requests;
requestList.filter.rejected;Odmietnuté;;Rejected;
requestList.fullName;Meno a priezvisko;;FullName;
requestList.gdprTitle;Zoznam GDPR žiadostí;;Request list;
requestList.identityDetail;Detail identity;;Identity Detail;
requestList.identityLogin;Login;Používateľské meno;Login;
requestList.mobile;Mobil;Telefónne číslo;Mobil;
requestList.modalLabel;Zamietnutie žiadosti;;Decline reason;
requestList.modalTextPlaceHolder;Sem môžete napísať dôvod zamietnutia žiadosti;Sem môžete napísať dôvod zamietnutia žiadosti.;Enter reason;
requestList.poName;Povinná osoba;Ogán riadenia;Obliged person;
requestList.registrationLitle;Zoznam registrácií;;List of registrations;
requestList.requestDetail;Detailné informácie o žiadosti;;Request detail;
requestList.rolesDetail;Priradenie rolí k používateľovi;;Add roles to user;
requestList.stateEnum.ACCEPTED;Akceptovaná;;Accepted;
requestList.stateEnum.REFUSED;Odmietnutá;;Rejected;
requestList.stateEnum.WAITING;Vytvorená;;Created;
requestList.telephone;Telefón;;Telephone;
requestList.title;Zoznam žiadostí;;Request list;
searchInput.search;Hľadať;;Search;
sidebar.hide;SKRYŤ;Skryť;;
sidebar.unhide;ODKRYŤ;Odkryť;;
state.addAttribute;;;Add attribute;
state.addConnection;;;Add connection;
state.removeProfile;;;Remove profile;
tab.contents;Obsah;;Contents;
tabContent.buttonAddNewRelation;Pridať nový vzťah;;Add a new relation;
tabContent.buttonAddNewRelationCard;Pridať novú položku a vzťah;;Add a new item and relation;
tabContent.selectView;Zobraziť;;View;
table.activeFilter;Aktívny filter;;Active filter;
table.adress;Adresa;;Adress;
table.area;Rozloha;;Area;
table.chooseDistrict;Vybrať okres;;Choose district;
table.city;Mesto;;City;
table.density;Hustota;;Density;
table.district;Okres;;District;
table.filter;Filtrovať;;Filter;
table.heading;Filtrovať obsah;;Filter Content;
table.ico;ICO;IČO;ICO;
table.name;Meno;;Name;
table.noRowsFound;Nenašli sa žiadne záznamy;Nenašli sa žiadne záznamy.;No rows found;
table.pack;Zbaliť obsah filtra;;Pack Filter Content;
table.pagination;Tabuľková navigácia;;Page navigation;
table.paginationSummary;Zobrazených {{start}} - {{end}} z celkových {{total}} záznamov;Zobrazených {{start}} - {{end}} z celkových {{total}} záznamov.;Viewed {{start}} - {{end}} from total {{total}} records;
table.paginationSummaryEmpty;Zobrazených 0 z celkových 0 záznamov;Zobrazených 0 z celkových 0 záznamov.;Viewed 0 from total 0 records;
table.region;Kraj;;Region;
table.resetOrder;Resetovať poradie;;Reset order;
table.selectAllItems;Vyber všetky položky;;Select all items;
table.source;Zdroj:;;Source:;
table.sourceUrl;sk.wikipedia.org;;sk.wikipedia.org;
table.technicalName;Technické meno;;Technical name;
table.title;Mestá;;Cities;
table.type;Typ;;Type;
table.unorderedColumn;Nezoradený stĺpec - použije vzostupné zoradenie.;;Unsorted column - will use ascending sorting.;
table.unpack;Rozbaliť obsah filtra;;Unpack Filter Content;
table.valid;Stav;;State;
table.wrapActiveFilter;Zbaliť aktívny filter;;Pack active filter;
tableSelectColumns.cancelButton;Zrušiť;;Cancel;
tableSelectColumns.refreshButton;Obnoviť;;Refresh;
tableSelectColumns.searchPlaceholder;Názov hľadaného stĺpca;;Search column name;
tableSelectColumns.viewButton;Zobraziť;;View;
templateReferenceIdentifiers.heading;Správa šablón referencovateľných identifikátorov;;Template reference identifiers;
titles.mainPage;MetaIS Admin;;MetaIS Admin;
todo.description;Stránka, ktorú hľadáte nebola nájdená alebo neexistuje;Stránka, ktorú hľadáte nebola nájdená alebo neexistuje.;Page you are looking for was not found or does not exist.;
todo.header;Stránka nenájdená;Stránka nenájdená.;Page not found;
todo.homeButton;Domovská stránka;;Home page;
tooltips.addNewProfile;Pridať nový profil;;Add a new profile;
tooltips.codelists;Interné číselníky;;Internal codelists;
tooltips.create.attributes;Atribúty;;Attributes;
tooltips.create.cancel;Zrušiť;;Cancel;
tooltips.create.changeRole;Oprávnené role*;;Change role*;
tooltips.create.createNewAttrProfile;Vytvorenie nového profilu atribútov;;Creating a new attribute profile;
tooltips.create.description;Popis;;Description;
tooltips.create.detailArrtProfile;Detail profilu atribútov;;Attribute profile detail;
tooltips.create.engDescription;Anglický popis;;English description;
tooltips.create.name;Názov*;;Name*;
tooltips.create.save;Uložiť;;Save;
tooltips.create.technicalName;Technický názov*;;Technical name*;
tooltips.create.type;Typ;;Type;
tooltips.create.valid;Stav;;State;
tooltips.routing.attrProfile;Profily atribútov;;Attribute profiles;
tooltips.routing.home;Hlavná stránka;;Home Page;
tooltips.routing.newProfile;Nový profil;;New profile;
tooltips.selectedEntries;Vybrané záznamy;;Selected entries;
tooltips.table.defaultValue;Prednastavená hodnota;;Default value;
tooltips.table.description;Popis(Tooltip);Popis (Tooltip);Description(Tooltip);
tooltips.table.edit;Zmeniť;;Edit;
tooltips.table.engDescription;Anglický popis;;English description;
tooltips.table.engName;Anglický názov;;English name;
tooltips.table.invisible;Viditeľnosť;;Visibility;
tooltips.table.name;Meno;;Name;
tooltips.table.order;Poradie;;Order;
tooltips.table.technicalName;Technické meno;;Technical name;
tooltips.type.application;Aplikačný;;Application;
tooltips.type.custom;Používateľský;;Custom;
tooltips.type.system;Systémový;;System;
tooltips.unvalidTextWarning;Niektoré z vami vybraných položiek sú už zneplatnené;Niektoré z Vami vybraných položiek sú už zneplatnené.;Some of your selected items are already invalidated;
tooltips.valid.false;Zneplatnený;;Invalid;
tooltips.valid.true;Platný;;Valid;
tooltips.valid.undefined;Zneplatnený;;Invalid;
tooltips.validTextWarning;Niektoré z vami vybraných položiek sú už splatnené;Niektoré z Vami vybraných položiek sú už splatnené.;Some of your selected items are already validated;
type.application;Aplikačný;;Application;
type.custom;Vlastný;;Custom;
type.system;Systémový;;System;
userManagement.actions;Úkony;;Actions;
userManagement.addNewUser;Pridať nového použivateľa;;Add new user;
userManagement.block;Blokovať;;Block;
userManagement.changePassword;Zmeniť heslo;;Change password;
userManagement.creationLoading;Vytváram nového použivateľa;;Creating new user;
userManagement.edit;Upraviť;;Edit;
userManagement.editLoading;Upravujem používateľa;;Updating user data;
userManagement.error.export;Chyba pri príprave exportu;Nastala chyba pri príprave exportu.;Error while preparing export;
userManagement.error.mutation;Chyba pri vykonávaní vašej akcie. Skúste to znova alebo kontaktujte podporu.;Nastala chyba pri vykonávaní Vašej akcie. Pokúste sa akciu zopakovať. V prípade, že sa chyba vyskytla opakovane, kontaktujte, prosím, administrátora MetaIS e-mailom na adrese: <email><email>metais@mirri.gov.sk</email></email>.;Error while performing action. Please try again or contact support.;
userManagement.error.query;Chyba pri načítavaní údajov;Nastala chyba pri načítavaní údajov.;Error while fetching data;
userManagement.error.uniqueLogin;Login musí byť jedinečný;Používateľské meno musí byť jedinečné.;Property login must be unique;
userManagement.filter.listTypeLabel;Typ zoznamu;;List type;
userManagement.filter.organization;Povinná osoba;Orgán riadenia;Organization;
userManagement.filter.role;Rola;;Role;
userManagement.filter.state;Stav;;State;
userManagement.filter.stateLabel.activated;Aktivované;;Activated;
userManagement.filter.stateLabel.all;Všetky;;All;
userManagement.filter.stateLabel.blocked;Blokované;;Blocked;
userManagement.fullName;Meno a priezvisko;;Name and surname;
userManagement.login;Login;Používateľské meno;Login;
userManagement.mobile;Mobil;;Mobile;
userManagement.organization;Povinná osoba;Orgán riadenia;Organization;
userManagement.phone;Tel.č.;;Phone;
userManagement.state;Stav;;State;
userManagement.states.ACTIVATED;Aktivovaný;;Activated;
userManagement.states.BLOCKED;Blokovaný;;Blocked;
userManagement.title;Používatelia;;Users;
userManagement.unblock;Odblokovať;;Unblock;
userProfile.cancel;Zrušiť;;Cancel;
userProfile.changeInformationsButton;Upraviť informácie;;Edit information;
userProfile.changedUserInformation;Osobné informácie boli úspešne zmenené;Osobné informácie boli úspešne zmenené.;Personal information were successfully changed;
userProfile.changedUserInformationError;Pri zmene osobných údajov sa vyskytla chyba. Prosím skúste znova.;Pri zmene osobných údajov sa vyskytla chyba. Prosím, skúste vykonať zmeny znova.;Error occurred while changing personal information. Please try again.;
userProfile.heading;Profil a oprávnenia;;Profile and rights;
userProfile.information.email;Emailová adresa;E-mailová adresa;Email;
userProfile.information.header;Moje informácie;Základné informácie;My information;
userProfile.information.name;Meno;;Name;
userProfile.information.phoneNumber;Telefónne číslo;;Phone;
userProfile.information.position;Funkcia;;Position;
userProfile.notificationsSettings;Správa notifikácií;;Notifications preferences;
userProfile.passwordChange;Zmena hesla;;Password change;
userProfile.rights;Oprávnenia;;Rights;
userProfile.save;Uložiť;;Save;
userProfile.savePreferences;Uložiť nastavenia;;Save preferences;
userProfile.settings;Osobné preferencie;;Personal preferences;
userProfile.showInvalidated;Zobraziť zneplatnené položky;;Show invalidated items;
userProfile.userPreferencesSuccess;Osobné preferencie boli úspešne uložené;Osobné preferencie boli úspešne uložené.;Personal preferences were successfully saved;
validation.maxCharacters;{{itemName}} môže obsahovať maximálne {{max}} znakov;{{itemName}} môže obsahovať maximálne {{max}} znakov.;{{itemName}} must be at most {{max}} characters;
validation.minCharacters;{{itemName}} musí obsahovať aspoň {{min}} znakov;{{itemName}} musí obsahovať aspoň {{min}} znakov.;{{itemName}} must be at least {{min}} characters;
validation.password;Heslo musí obsahovať aspoň jeden veľký znak, aspoň jeden malý znak a aspoň jeden iný znak.;;Password must meet the criteria: at least one uppercase, one lowercase, and one other character.;
validation.required;Toto pole je povinné;Toto pole je povinné.;This field is required;
validity.false;Neplatný;;Invalid;
validity.true;Platný;;Valid;
validity.undefined;Neplatný;;Invalid;
yes;Áno;;Yes;